thewinnfield,handlebar
dali,copstashstandard
petitgoatee,soulpatch
balbo,copstashstandard
friendlymuttonchops,fumanchu
olddutch,federationstandard
copstashstandard,pencil
shortboxedbeard,thewinnfield
handlebarandgoatee,vandyke
friendlymuttonchops,franzjosef
sparrow,soulpatch
hollywoodian,goatee
frenchfork,fumanchu
thezappa,federationstandard
napoleaniiiimperial,federationstandard
frenchfork,franzjosef
handlebarandchinpuff,pencil
hollywoodian,pencil
ducktail,fumanchu
shortboxedbeard,goatee
handlebarandgoatee,handlebarandchinpuff
handlebarandgoatee,thezappa
handlebar,pencil
handlebar,federationstandard
shortboxedbeard,handlebar
ducktail,copstashstandard
anchor,soulpatch
napoleaniiiimperial,copstashstandard
shortboxedbeard,hulihee
klingon,goatee
handlebarandchinpuff,petitgoatee
ducktail,chincurtain
thezappa,pencil
hollywoodian,soulpatch
ducktail,muttonchops
frenchfork,anchor
balbo,goatee
handlebarandgoatee,soulpatch
alasouvarov,pencil
frenchfork,balbo
frenchfork,soulpatch
ducktail,anchor
anchor,handlebar
hollywoodian,anchor
hollywoodian,copstashstandard
ducktail,goatee
klingon,federationstandard
vandyke,soulpatch
frenchfork,friendlymuttonchops
handlebarandchinpuff,thezappa
rapindustrystandard,federationstandard
anchor,petitgoatee
anchor,copstashstandard
ducktail,federationstandard
sparrow,copstashstandard
napoleaniiiimperial,handlebar
sparrow,handlebar
hollywoodian,fumanchu
klingon,petitgoatee
vandyke,federationstandard
frenchfork,petitgoatee
klingon,muttonchops
olddutch,chincurtain
shortboxedbeard,fumanchu
frenchfork,sparrow
frenchfork,goatee
hollywoodian,balbo
klingon,soulpatch
franzjosef,dali
alasouvarov,federationstandard
franzjosef,copstashstandard
frenchfork,olddutch
friendlymuttonchops,federationstandard
hulihee,franzjosef
shortboxedbeard,pencil
thewinnfield,federationstandard
frenchfork,federationstandard
vandyke,copstashstandard
hollywoodian,handlebarandchinpuff
ducktail,franzjosef
ducktail,thewinnfield
frenchfork,rapindustrystandard
shortboxedbeard,klingon
hulihee,alasouvarov
dali,pencil
ducktail,vandyke
balbo,federationstandard
franzjosef,pencil
fumanchu,copstashstandard
handlebarandgoatee,federationstandard
hollywoodian,federationstandard
ducktail,handlebarandchinpuff
chincurtain,federationstandard
alasouvarov,copstashstandard
vandyke,petitgoatee
napoleaniiiimperial,handlebarandchinpuff
thezappa,copstashstandard
ducktail,alasouvarov
soulpatch,federationstandard
handlebarandchinpuff,handlebar
goatee,petitgoatee
shortboxedbeard,olddutch
shortboxedbeard,handlebarandchinpuff
handlebarandchinpuff,federationstandard
handlebarandgoatee,pencil
ducktail,olddutch
fumanchu,pencil
handlebarandgoatee,copstashstandard
anchor,federationstandard
ducktail,thezappa
vandyke,handlebar
shortboxedbeard,balbo
frenchfork,pencil
hulihee,copstashstandard
olddutch,muttonchops
thewinnfield,pencil
klingon,chincurtain
ducktail,pencil
vandyke,thezappa
hollywoodian,vandyke
shortboxedbeard,muttonchops
ducktail,shortboxedbeard
balbo,pencil
soulpatch,napoleaniiiimperial
ducktail,handlebar
shortboxedbeard,soulpatch
shortboxedbeard,franzjosef
hulihee,friendlymuttonchops
shortboxedbeard,vandyke
hollywoodian,thezappa
supermario,federationstandard
olddutch,goatee
thezappa,handlebar
handlebarandgoatee,petitgoatee
shortboxedbeard,anchor
thewinnfield,fumanchu
handlebarandgoatee,fumanchu
hollywoodian,handlebarandgoatee
ducktail,balbo
muttonchops,federationstandard
napoleaniiiimperial,pencil
frenchfork,handlebar
franzjosef,federationstandard
handlebar,copstashstandard
shortboxedbeard,friendlymuttonchops
goatee,federationstandard
thezappa,soulpatch
frenchfork,thezappa
hulihee,federationstandard
handlebarandchinpuff,soulpatch
rapindustrystandard,pencil
petitgoatee,federationstandard
sparrow,federationstandard
ducktail,petitgoatee
shortboxedbeard,thezappa
frenchfork,handlebarandgoatee
shortboxedbeard,handlebarandgoatee
balbo,soulpatch
fumanchu,hulihee
frenchfork,chincurtain
hulihee,handlebar
friendlymuttonchops,pencil
franzjosef,alasouvarov
thewinnfield,copstashstandard
pencil,federationstandard
sparrow,pencil
ducktail,napoleaniiiimperial
ducktail,hollywoodian
copstashstandard,federationstandard
handlebarandgoatee,handlebar
handlebarandchinpuff,copstashstandard
vandyke,pencil
shortboxedbeard,alasouvarov
friendlymuttonchops,thewinnfield
friendlymuttonchops,copstashstandard
napoleaniiiimperial,thezappa
friendlymuttonchops,alasouvarov
frenchfork,hollywoodian
frenchfork,shortboxedbeard
anchor,pencil
frenchfork,muttonchops
handlebarandgoatee,rapindustrystandard
ducktail,soulpatch
alasouvarov,handlebar
fumanchu,federationstandard
frenchfork,klingon
napoleaniiiimperial,petitgoatee
hulihee,muttonchops
frenchfork,hulihee
vandyke,goatee
hollywoodian,alasouvarov
hollywoodian,petitgoatee
franzjosef,handlebar
friendlymuttonchops,muttonchops
goatee,soulpatch
ducktail,friendlymuttonchops
balbo,anchor
shortboxedbeard,chincurtain
olddutch,soulpatch
vandyke,fumanchu
klingon,olddutch
vandyke,handlebarandchinpuff
dali,federationstandard
fumanchu,handlebar
vandyke,rapindustrystandard
hollywoodian,rapindustrystandard
ducktail,handlebarandgoatee
shortboxedbeard,federationstandard
ducktail,rapindustrystandard
frenchfork,alasouvarov
handlebarandgoatee,goatee
ducktail,klingon
shortboxedbeard,hollywoodian
hollywoodian,handlebar
shortboxedbeard,copstashstandard
balbo,handlebar
frenchfork,thewinnfield
friendlymuttonchops,handlebar
olddutch,petitgoatee
frenchfork,vandyke
shortboxedbeard,rapindustrystandard
shortboxedbeard,petitgoatee
hulihee,thewinnfield
frenchfork,copstashstandard
balbo,petitgoatee
hulihee,pencil

