thewinnfield,federationstandard
handlebarandgoatee,goatee
friendlymuttonchops,copstashstandard
frenchfork,handlebar
shortboxedbeard,thezappa
hollywoodian,anchor
copstashstandard,pencil
napoleaniiiimperial,soulpatch
hollywoodian,napoleaniiiimperial
hulihee,thewinnfield
ducktail,balbo
hulihee,copstashstandard
hollywoodian,thezappa
napoleaniiiimperial,petitgoatee
ducktail,federationstandard
ducktail,franzjosef
frenchfork,sparrow
ducktail,handlebarandgoatee
ducktail,vandyke
shortboxedbeard,handlebarandchinpuff
shortboxedbeard,balbo
thezappa,copstashstandard
handlebarandchinpuff,handlebar
handlebarandgoatee,sparrow
ducktail,hulihee
handlebar,pencil
hulihee,federationstandard
hollywoodian,handlebar
vandyke,soulpatch
frenchfork,balbo
frenchfork,soulpatch
thezappa,handlebar
hulihee,fumanchu
handlebarandgoatee,thezappa
thezappa,soulpatch
hollywoodian,handlebarandgoatee
frenchfork,rapindustrystandard
shortboxedbeard,petitgoatee
vandyke,thezappa
frenchfork,pencil
anchor,pencil
napoleaniiiimperial,copstashstandard
anchor,federationstandard
hollywoodian,balbo
klingon,petitgoatee
shortboxedbeard,muttonchops
shortboxedbeard,hollywoodian
frenchfork,petitgoatee
klingon,goatee
hulihee,handlebar
ducktail,klingon
olddutch,petitgoatee
olddutch,federationstandard
klingon,federationstandard
napoleaniiiimperial,federationstandard
supermario,dali
olddutch,goatee
olddutch,rapindustrystandard
sparrow,thezappa
alasouvarov,pencil
ducktail,handlebar
franzjosef,dali
ducktail,fumanchu
sparrow,federationstandard
ducktail,olddutch
handlebarandgoatee,copstashstandard
ducktail,petitgoatee
muttonchops,federationstandard
ducktail,thewinnfield
hollywoodian,copstashstandard
friendlymuttonchops,alasouvarov
sparrow,petitgoatee
franzjosef,handlebar
vandyke,federationstandard
handlebarandgoatee,federationstandard
thewinnfield,copstashstandard
vandyke,sparrow
goatee,soulpatch
franzjosef,copstashstandard
soulpatch,federationstandard
hollywoodian,goatee
handlebarandgoatee,fumanchu
shortboxedbeard,hulihee
shortboxedbeard,copstashstandard
frenchfork,vandyke
thewinnfield,pencil
balbo,federationstandard
ducktail,chincurtain
shortboxedbeard,federationstandard
fumanchu,handlebar
sparrow,napoleaniiiimperial
frenchfork,federationstandard
ducktail,muttonchops
friendlymuttonchops,muttonchops
handlebarandchinpuff,copstashstandard
napoleaniiiimperial,thezappa
shortboxedbeard,friendlymuttonchops
balbo,anchor
ducktail,goatee
ducktail,copstashstandard
napoleaniiiimperial,handlebar
vandyke,rapindustrystandard
shortboxedbeard,anchor
hulihee,alasouvarov
shortboxedbeard,sparrow
vandyke,petitgoatee
handlebarandchinpuff,thezappa
vandyke,handlebarandchinpuff
olddutch,soulpatch
fumanchu,copstashstandard
frenchfork,thezappa
vandyke,copstashstandard
friendlymuttonchops,thewinnfield
ducktail,alasouvarov
hollywoodian,soulpatch
franzjosef,federationstandard
frenchfork,handlebarandgoatee
handlebarandgoatee,vandyke
klingon,chincurtain
frenchfork,hulihee
chincurtain,muttonchops
franzjosef,alasouvarov
shortboxedbeard,pencil
fumanchu,pencil
hulihee,muttonchops
rapindustrystandard,federationstandard
napoleaniiiimperial,handlebarandchinpuff
frenchfork,chincurtain
ducktail,rapindustrystandard
shortboxedbeard,olddutch
vandyke,napoleaniiiimperial
ducktail,thezappa
balbo,pencil
shortboxedbeard,thewinnfield
frenchfork,copstashstandard
thewinnfield,fumanchu
hulihee,pencil
shortboxedbeard,rapindustrystandard
thezappa,pencil
rapindustrystandard,pencil
hollywoodian,vandyke
handlebarandchinpuff,pencil
supermario,federationstandard
friendlymuttonchops,pencil
frenchfork,goatee
chincurtain,petitgoatee
petitgoatee,soulpatch
supermario,pencil
shortboxedbeard,klingon
friendlymuttonchops,fumanchu
ducktail,sparrow
handlebarandchinpuff,soulpatch
frenchfork,hollywoodian
handlebarandgoatee,dali
dali,federationstandard
balbo,handlebarandgoatee
hollywoodian,federationstandard
frenchfork,alasouvarov
vandyke,goatee
hollywoodian,handlebarandchinpuff
handlebarandgoatee,soulpatch
hollywoodian,pencil
copstashstandard,federationstandard
ducktail,shortboxedbeard
hollywoodian,fumanchu
dali,copstashstandard
handlebarandgoatee,petitgoatee
handlebarandgoatee,napoleaniiiimperial
friendlymuttonchops,federationstandard
shortboxedbeard,goatee
hulihee,friendlymuttonchops
ducktail,friendlymuttonchops
hulihee,franzjosef
balbo,soulpatch
thewinnfield,handlebar
frenchfork,ducktail
ducktail,hollywoodian
klingon,olddutch
fumanchu,federationstandard
handlebarandgoatee,pencil
handlebarandgoatee,handlebar
frenchfork,franzjosef
frenchfork,friendlymuttonchops
olddutch,muttonchops
alasouvarov,copstashstandard
alasouvarov,federationstandard
frenchfork,handlebarandchinpuff
anchor,soulpatch
shortboxedbeard,alasouvarov
klingon,muttonchops
ducktail,napoleaniiiimperial
sparrow,soulpatch
shortboxedbeard,handlebar
shortboxedbeard,handlebarandgoatee
handlebar,copstashstandard
goatee,federationstandard
ducktail,pencil
vandyke,pencil
thezappa,federationstandard
frenchfork,fumanchu
handlebarandchinpuff,petitgoatee
klingon,soulpatch
sparrow,pencil
hollywoodian,sparrow
shortboxedbeard,fumanchu
vandyke,fumanchu
ducktail,anchor
olddutch,chincurtain
napoleaniiiimperial,pencil
shortboxedbeard,napoleaniiiimperial
sparrow,copstashstandard
franzjosef,pencil
alasouvarov,handlebar
goatee,petitgoatee
shortboxedbeard,chincurtain
handlebarandgoatee,handlebarandchinpuff
friendlymuttonchops,handlebar
frenchfork,anchor
handlebar,federationstandard
handlebarandchinpuff,federationstandard
hollywoodian,petitgoatee
shortboxedbeard,franzjosef
petitgoatee,federationstandard
frenchfork,olddutch
ducktail,handlebarandchinpuff
sparrow,handlebar
vandyke,handlebar
shortboxedbeard,soulpatch
balbo,petitgoatee
balbo,copstashstandard
frenchfork,muttonchops
ducktail,soulpatch
frenchfork,thewinnfield
pencil,federationstandard
shortboxedbeard,vandyke
frenchfork,klingon
chincurtain,federationstandard
frenchfork,napoleaniiiimperial
frenchfork,shortboxedbeard