alasouvarov,copstashstandard
alasouvarov,federationstandard
alasouvarov,handlebar
alasouvarov,pencil
anchor,federationstandard
anchor,pencil
anchor,petitgoatee
anchor,soulpatch
balbo,anchor
balbo,copstashstandard
balbo,federationstandard
balbo,goatee
balbo,pencil
balbo,petitgoatee
balbo,soulpatch
chincurtain,federationstandard
copstashstandard,federationstandard
copstashstandard,pencil
dali,copstashstandard
dali,federationstandard
dali,pencil
ducktail,alasouvarov
ducktail,anchor
ducktail,balbo
ducktail,chincurtain
ducktail,copstashstandard
ducktail,federationstandard
ducktail,franzjosef
ducktail,friendlymuttonchops
ducktail,fumanchu
ducktail,goatee
ducktail,handlebar
ducktail,handlebarandchinpuff
ducktail,handlebarandgoatee
ducktail,hollywoodian
ducktail,klingon
ducktail,muttonchops
ducktail,napoleoniiiimperial
ducktail,olddutch
ducktail,pencil
ducktail,petitgoatee
ducktail,rapindustrystandard
ducktail,shortboxedbeard
ducktail,soulpatch
ducktail,sparrow
ducktail,thewinnfield
ducktail,thezappa
ducktail,vandyke
ducktail,hulihee
franzjosef,copstashstandard
franzjosef,federationstandard
franzjosef,pencil
frenchfork,alasouvarov
frenchfork,anchor
frenchfork,balbo
frenchfork,chincurtain
frenchfork,copstashstandard
frenchfork,ducktail
frenchfork,federationstandard
frenchfork,franzjosef
frenchfork,friendlymuttonchops
frenchfork,fumanchu
frenchfork,goatee
frenchfork,handlebar
frenchfork,handlebarandchinpuff
frenchfork,handlebarandgoatee
frenchfork,hollywoodian
frenchfork,hulihee
frenchfork,klingon
frenchfork,muttonchops
frenchfork,napoleoniiiimperial
frenchfork,olddutch
frenchfork,pencil
frenchfork,petitgoatee
frenchfork,rapindustrystandard
frenchfork,shortboxedbeard
frenchfork,soulpatch
frenchfork,sparrow
frenchfork,thewinnfield
frenchfork,thezappa
frenchfork,vandyke
friendlymuttonchops,copstashstandard
friendlymuttonchops,federationstandard
friendlymuttonchops,franzjosef
friendlymuttonchops,fumanchu
friendlymuttonchops,muttonchops
friendlymuttonchops,pencil
friendlymuttonchops,thewinnfield
fumanchu,copstashstandard
fumanchu,federationstandard
fumanchu,pencil
goatee,federationstandard
goatee,petitgoatee
goatee,soulpatch
handlebar,copstashstandard
handlebar,federationstandard
handlebar,pencil
handlebarandchinpuff,copstashstandard
handlebarandchinpuff,federationstandard
handlebarandchinpuff,handlebar
handlebarandchinpuff,pencil
handlebarandchinpuff,petitgoatee
handlebarandchinpuff,soulpatch
handlebarandgoatee,copstashstandard
handlebarandgoatee,federationstandard
handlebarandgoatee,fumanchu
handlebarandgoatee,goatee
handlebarandgoatee,handlebar
handlebarandgoatee,handlebarandchinpuff
handlebarandgoatee,pencil
handlebarandgoatee,petitgoatee
handlebarandgoatee,soulpatch
handlebarandgoatee,vandyke
hollywoodian,anchor
hollywoodian,balbo
hollywoodian,copstashstandard
hollywoodian,federationstandard
hollywoodian,fumanchu
hollywoodian,goatee
hollywoodian,pencil
hollywoodian,petitgoatee
hollywoodian,soulpatch
hollywoodian,thezappa
hollywoodian,vandyke
hulihee,alasouvarov
hulihee,copstashstandard
hulihee,federationstandard
hulihee,franzjosef
hulihee,friendlymuttonchops
hulihee,fumanchu
hulihee,handlebar
hulihee,muttonchops
hulihee,pencil
hulihee,thewinnfield
klingon,chincurtain
klingon,federationstandard
klingon,goatee
klingon,muttonchops
klingon,olddutch
klingon,petitgoatee
klingon,soulpatch
muttonchops,federationstandard
napoleoniiiimperial,copstashstandard
napoleoniiiimperial,federationstandard
napoleoniiiimperial,handlebar
napoleoniiiimperial,handlebarandchinpuff
napoleoniiiimperial,pencil
napoleoniiiimperial,petitgoatee
napoleoniiiimperial,soulpatch
olddutch,chincurtain
olddutch,federationstandard
olddutch,muttonchops
olddutch,petitgoatee
olddutch,soulpatch
pencil,federationstandard
petitgoatee,federationstandard
petitgoatee,soulpatch
rapindustrystandard,federationstandard
rapindustrystandard,pencil
shortboxedbeard,alasouvarov
shortboxedbeard,anchor
shortboxedbeard,balbo
shortboxedbeard,chincurtain
shortboxedbeard,copstashstandard
shortboxedbeard,federationstandard
shortboxedbeard,franzjosef
shortboxedbeard,friendlymuttonchops
shortboxedbeard,fumanchu
shortboxedbeard,goatee
shortboxedbeard,hollywoodian
shortboxedbeard,klingon
shortboxedbeard,muttonchops
shortboxedbeard,napoleoniiiimperial
shortboxedbeard,olddutch
shortboxedbeard,pencil
shortboxedbeard,petitgoatee
shortboxedbeard,rapindustrystandard
shortboxedbeard,soulpatch
shortboxedbeard,thewinnfield
shortboxedbeard,thezappa
shortboxedbeard,vandyke
soulpatch,federationstandard
sparrow,copstashstandard
sparrow,federationstandard
sparrow,handlebar
sparrow,napoleoniiiimperial
sparrow,pencil
sparrow,petitgoatee
sparrow,soulpatch
sparrow,thezappa
supermario,dali
supermario,federationstandard
thewinnfield,copstashstandard
thewinnfield,federationstandard
thewinnfield,fumanchu
thewinnfield,pencil
thezappa,copstashstandard
thezappa,federationstandard
thezappa,pencil
thezappa,soulpatch
vandyke,copstashstandard
vandyke,federationstandard
vandyke,goatee
vandyke,pencil
vandyke,petitgoatee
vandyke,rapindustrystandard
vandyke,soulpatch
vandyke,thezappa
vandyke,fumanchu
